insert into states(id,sname) values(1,"Andhra Pradesh");
insert into states(id,sname) values(2,"Arunachal");
insert into states(id,sname) values(3 ,"Assam");
insert into states(id,sname) values(4 ,"Bihar");
insert into states(id,sname) values(5 ,"Chhattisgarh"); 
insert into states(id,sname) values(6 ,"Goa"); 
insert into states(id,sname) values(7 ,"Gujarat");
insert into states(id,sname) values(8 ,"Haryana");
insert into states(id,sname) values(9 ,"Himachal");
insert into states(id,sname) values(10,"Jammu & Kashmir Srinagar");
insert into states(id,sname) values(11 ,"Jharkhand");
insert into states(id,sname) values(12 ,"Karnataka");
insert into states(id,sname) values(13,"Kerala");
insert into states(id,sname) values(14 ,"Madhya Pradesh");
insert into states(id,sname) values(15,"Maharashtra");
insert into states(id,sname) values(16 ,"Manipur");
insert into states(id,sname) values(17,"Meghalaya");
insert into states(id,sname) values(18 ,"Mizoram");
insert into states(id,sname) values(19,"Nagaland");
insert into states(id,sname) values(20,"Odisha");
insert into states(id,sname) values(21,"Punjab");
insert into states(id,sname) values(22,"Rajasthan");
insert into states(id,sname) values(23 ,"Sikkim");
insert into states(id,sname) values(24,"Tamil Nadu");
insert into states(id,sname) values(25,"Tripura");
insert into states(id,sname) values(26 ,"Uttarkhand");
insert into states(id,sname) values(27 ,"Uttar Pradesh");
insert into states(id,sname) values(28,"West Bengal");
insert into states(id,sname) values(29,"Pondicherry");
insert into states(id,sname) values(30,"Dehli");
insert into states(id,sname) values(31,"Daman & Diu");
insert into states(id,sname) values(32,"Dadra & Nagar Haveli");
insert into states(id,sname) values(33,"Lakshadweep");
insert into states(id,sname) values(34,"Chandigarh");
insert into states(id,sname) values(35,"Andaman & Nicobar Islands");


CREATE table district(
id int(11) PRIMARY KEY AUTO_INCREMENT,
    dname varchar(50),
    state_id int,
    CONSTRAINT fk_states FOREIGN KEY (state_id)
  REFERENCES states(id);



insert into district(dname,state_id) values("Bankura",28); 
insert into district(dname,state_id) values("Barddhaman",28) ;
insert into district(dname,state_id) values("Birbhum",28);
insert into district(dname,state_id) values("cooch Bihar",28);
insert into district(dname,state_id) values("Darjiling",28);
insert into district(dname,state_id) values("East Medinipur",28);
insert into district(dname,state_id) values("Hoogly",28);
insert into district(dname,state_id) values("Hawrah",28);
insert into district(dname,state_id) values("Jalpaiguri",28);
insert into district(dname,state_id) values("Kolkata",28);
insert into district(dname,state_id) values("Malda",28);
insert into district(dname,state_id) values("Murshidabad",28);
insert into district(dname,state_id) values("Nadia",28);
insert into district(dname,state_id) values("North Twenty Four Parganas",28)l
insert into district(dname,state_id) values("North Dinajpur",28);
insert into district(dname,state_id) values("Puruliya",28);
insert into district(dname,state_id) values("South Twenty Four Parganas",28);
insert into district(dname,state_id) values("South Dinajpur",28);
insert into district(dname,state_id) values("west Mednipur",28);
);



CREATE TABLE user_subjects(
    id int(11) PRIMARY KEY AUTO_INCREMENT,
    user_id int(11) not null,
    subject_name varchar(50)
    language` VARCHAR(50));
    
    CREATE TABLE subjects(
    id int(11) PRIMARY KEY AUTO_INCREMENT,
    subject_name varchar(50));
    

INSERT into subjects(subject_name) VALUES("English");
INSERT into subjects(subject_name) VALUES("Bengali");
INSERT into subjects(subject_name) VALUES("Hindi");
INSERT into subjects(subject_name) VALUES("Urdu");
INSERT into subjects(subject_name) VALUES("History");
INSERT into subjects(subject_name) VALUES("Geography");
INSERT into subjects(subject_name) VALUES("Math");
INSERT into subjects(subject_name) VALUES("Life Science");
INSERT into subjects(subject_name) VALUES("Physics");
INSERT into subjects(subject_name) VALUES("Chemisty");
INSERT into subjects(subject_name) VALUES("Biology");
    
    
    CREATE TABLE class(
    id int(11) PRIMARY KEY AUTO_INCREMENT,
    class varchar(50));
    
    INSERT into class(class) VALUES("I to V");
INSERT into class(class) VALUES("VI to X");
INSERT into class(class) VALUES("XI to XII");
INSERT into class(class) VALUES("Graduation");
INSERT into class(class) VALUES("Post Graduation");
    
    
    
    CREATE TABLE profile_pic
( id int PRIMARY KEY AUTO_INCREMENT,
 profile_pic blob,
 user_id int);
 
 
 
 insert into district(dname,state_id) values("Adilabad",1);
insert into district(dname,state_id) values("Warangal",1);
insert into district(dname,state_id) values("Karim Nagar",1);
insert into district(dname,state_id) values("Mahabub Nagar",1);
insert into district(dname,state_id) values("K.V.Rangareddy",1);
insert into district(dname,state_id) values("Medak",1);
insert into district(dname,state_id) values("Nalgonda",1);
insert into district(dname,state_id) values("Nizamabad",1);
insert into district(dname,state_id) values("Hyderabad",1);
insert into district(dname,state_id) values("Ananthapur",1);
insert into district(dname,state_id) values("Cuddapah",1);
insert into district(dname,state_id) values("Chittoor",1);
insert into district(dname,state_id) values("Kurnool",1);
insert into district(dname,state_id) values("Prakasam",1);
insert into district(dname,state_id) values("West Godavari",1);
insert into district(dname,state_id) values("Krishna",1);
insert into district(dname,state_id) values("Nellore",1);
insert into district(dname,state_id) values("Guntur",1);
insert into district(dname,state_id) values("Khammam",1);
insert into district(dname,state_id) values("East Godavari",1);
insert into district(dname,state_id) values("Visakhapatnam",1);
insert into district(dname,state_id) values("Pondicherry",29);
insert into district(dname,state_id) values("Vizianagaram",1);
insert into district(dname,state_id) values("Srikakulam",1);
insert into district(dname,state_id) values("Karimganj",3);
insert into district(dname,state_id) values("Cachar",3);
insert into district(dname,state_id) values("Hailakandi",3);
insert into district(dname,state_id) values("North Cachar Hills",3);
insert into district(dname,state_id) values("Sonitpur",3);
insert into district(dname,state_id) values("Darrang",3);
insert into district(dname,state_id) values("Dhemaji",3);
insert into district(dname,state_id) values("Lakhimpur",3);
insert into district(dname,state_id) values("Dibrugarh",3);
insert into district(dname,state_id) values("Karbi Anglong",3);
insert into district(dname,state_id) values("Marigaon",3);
insert into district(dname,state_id) values("Nagaon",3);
insert into district(dname,state_id) values("Golaghat",3);
insert into district(dname,state_id) values("Sibsagar",3);
insert into district(dname,state_id) values("Jorhat",3);
insert into district(dname,state_id) values("Tinsukia",3);
insert into district(dname,state_id) values("Bongaigaon",3);
insert into district(dname,state_id) values("Dhubri",3);
insert into district(dname,state_id) values("Goalpara",3);
insert into district(dname,state_id) values("Kokrajhar",3);
insert into district(dname,state_id) values("Kamrup",3);
insert into district(dname,state_id) values("Barpeta",3);
insert into district(dname,state_id) values("Nalbari",3);
insert into district(dname,state_id) values("Begusarai",4);
insert into district(dname,state_id) values("Khagaria",4);
insert into district(dname,state_id) values("Darbhanga",4);
insert into district(dname,state_id) values("Muzaffarpur",4);
insert into district(dname,state_id) values("Samastipur",4);
insert into district(dname,state_id) values("Sitamarhi",4);
insert into district(dname,state_id) values("Madhubani",4);
insert into district(dname,state_id) values("East Champaran",4);
insert into district(dname,state_id) values("Supaul",4);
insert into district(dname,state_id) values("Vaishali",4);
insert into district(dname,state_id) values("Purnia",4);
insert into district(dname,state_id) values("Araria",4);
insert into district(dname,state_id) values("Katihar",4);
insert into district(dname,state_id) values("Kishanganj",4);
insert into district(dname,state_id) values("Saharsa",4);
insert into district(dname,state_id) values("Madhepura",4);
insert into district(dname,state_id) values("Saran",4);
insert into district(dname,state_id) values("Siwan",4);
insert into district(dname,state_id) values("Bhojpur",4);
insert into district(dname,state_id) values("Sheohar",4);
insert into district(dname,state_id) values("Gopalganj",4);
insert into district(dname,state_id) values("West Champaran",4);
insert into district(dname,state_id) values("Aurangabad(BH)",4);
insert into district(dname,state_id) values("Gaya",4);
insert into district(dname,state_id) values("Arwal",4);
insert into district(dname,state_id) values("Bhagalpur",4);
insert into district(dname,state_id) values("Munger",4);
insert into district(dname,state_id) values("Banka",4);
insert into district(dname,state_id) values("Buxar",4);
insert into district(dname,state_id) values("Jehanabad",4);
insert into district(dname,state_id) values("Patna",4);
insert into district(dname,state_id) values("Jamui",4);
insert into district(dname,state_id) values("Lakhisarai",4);
insert into district(dname,state_id) values("Sheikhpura",4);
insert into district(dname,state_id) values("Nalanda",4);
insert into district(dname,state_id) values("Nawada",4);
insert into district(dname,state_id) values("Rohtas",4);
insert into district(dname,state_id) values("Kaimur (Bhabua)",4);
insert into district(dname,state_id) values("Kanker",5);
insert into district(dname,state_id) values("Bastar",5);
insert into district(dname,state_id) values("Dantewada",5);
insert into district(dname,state_id) values("Bijapur(CGH)",5);
insert into district(dname,state_id) values("Narayanpur",5);
insert into district(dname,state_id) values("Janjgir-champa",5);
insert into district(dname,state_id) values("Korba",5);
insert into district(dname,state_id) values("Bilaspur(CGH)",5);
insert into district(dname,state_id) values("Durg",5);
insert into district(dname,state_id) values("Rajnandgaon",5);
insert into district(dname,state_id) values("Kawardha",5);
insert into district(dname,state_id) values("Surguja",5);
insert into district(dname,state_id) values("Raigarh",5);
insert into district(dname,state_id) values("Jashpur",5);
insert into district(dname,state_id) values("Koriya",5);
insert into district(dname,state_id) values("Mahasamund",5);
insert into district(dname,state_id) values("Dhamtari",5);
insert into district(dname,state_id) values("Raipur",5);
insert into district(dname,state_id) values("Gariaband",5);
insert into district(dname,state_id) values("East Delhi"  ,30);
insert into district(dname,state_id) values("North East Delhi",30);
insert into district(dname,state_id) values("North West Delhi",30);
insert into district(dname,state_id) values("North Delhi",30);
insert into district(dname,state_id) values("Central Delhi",30);
insert into district(dname,state_id) values("New Delhi",30);
insert into district(dname,state_id) values("South Delhi",30);
insert into district(dname,state_id) values("South West Delhi",30);
insert into district(dname,state_id) values("West Delhi",30);
insert into district(dname,state_id) values("Gandhi Nagar",7);
insert into district(dname,state_id) values("Ahmedabad",7);
insert into district(dname,state_id) values("Banaskantha",7);
insert into district(dname,state_id) values("Mahesana",7);
insert into district(dname,state_id) values("Surendra Nagar",7);
insert into district(dname,state_id) values("Patan",7);
insert into district(dname,state_id) values("Sabarkantha",7);
insert into district(dname,state_id) values("Amreli",7);
insert into district(dname,state_id) values("Junagadh",7);
insert into district(dname,state_id) values("Bhavnagar",7);
insert into district(dname,state_id) values("Rajkot",7);
insert into district(dname,state_id) values("Porbandar",7);
insert into district(dname,state_id) values("Jamnagar",7);
insert into district(dname,state_id) values("Diu",31);
insert into district(dname,state_id) values("Kachchh",7);
insert into district(dname,state_id) values("Anand",7);
insert into district(dname,state_id) values("Kheda",7);
insert into district(dname,state_id) values("Surat",7);
insert into district(dname,state_id) values("The Dangs",7);
insert into district(dname,state_id) values("Tapi",7);
insert into district(dname,state_id) values("Navsari",7);
insert into district(dname,state_id) values("Bharuch",7);
insert into district(dname,state_id) values("Narmada",7);
insert into district(dname,state_id) values("Vadodara",7);
insert into district(dname,state_id) values("Dahod",7);
insert into district(dname,state_id) values("Panch Mahals",7);
insert into district(dname,state_id) values("Valsad",7);
insert into district(dname,state_id) values("Dadra & Nagar Haveli",32);
insert into district(dname,state_id) values("Daman",31);
insert into district(dname,state_id) values("Yamuna Nagar",8);
insert into district(dname,state_id) values("Ambala",8);
insert into district(dname,state_id) values("Panchkula",8);
insert into district(dname,state_id) values("Bhiwani",8);
insert into district(dname,state_id) values("Faridabad",8);
insert into district(dname,state_id) values("Mahendragarh",8);
insert into district(dname,state_id) values("Gurgaon",8);
insert into district(dname,state_id) values("Rewari",8);
insert into district(dname,state_id) values("Fatehabad",8);
insert into district(dname,state_id) values("Sirsa",8);
insert into district(dname,state_id) values("Hisar",8);
insert into district(dname,state_id) values("Karnal",8);
insert into district(dname,state_id) values("Panipat",8);
insert into district(dname,state_id) values("Jind",8);
insert into district(dname,state_id) values("Kaithal",8);
insert into district(dname,state_id) values("Kurukshetra",8);
insert into district(dname,state_id) values("Jhajjar",8);
insert into district(dname,state_id) values("Rohtak",8);
insert into district(dname,state_id) values("Sonipat",8);
insert into district(dname,state_id) values("Chamba",9);
insert into district(dname,state_id) values("Kangra",9);
insert into district(dname,state_id) values("Hamirpur(HP)",9);
insert into district(dname,state_id) values("Bilaspur (HP)",9);
insert into district(dname,state_id) values("Una",9);
insert into district(dname,state_id) values("Kullu",9);
insert into district(dname,state_id) values("Mandi",9);
insert into district(dname,state_id) values("Lahul & Spiti",9);
insert into district(dname,state_id) values("Shimla",9);
insert into district(dname,state_id) values("Kinnaur",9);
insert into district(dname,state_id) values("Sirmaur",9);
insert into district(dname,state_id) values("Solan",9);
insert into district(dname,state_id) values("Baramulla",10);
insert into district(dname,state_id) values("Kupwara",10);
insert into district(dname,state_id) values("Bandipur",10);
insert into district(dname,state_id) values("Jammu",10);
insert into district(dname,state_id) values("Kathua",10);
insert into district(dname,state_id) values("Udhampur",10);
insert into district(dname,state_id) values("Poonch",10);
insert into district(dname,state_id) values("Kargil",10);
insert into district(dname,state_id) values("Leh",10);
insert into district(dname,state_id) values("Rajauri",10);
insert into district(dname,state_id) values("Reasi",10);
insert into district(dname,state_id) values("Srinagar",10);
insert into district(dname,state_id) values("Ananthnag",10);
insert into district(dname,state_id) values("Kulgam",10);
insert into district(dname,state_id) values("Budgam",10);
insert into district(dname,state_id) values("Pulwama",10);
insert into district(dname,state_id) values("Shopian",10);
insert into district(dname,state_id) values("Doda",10);
insert into district(dname,state_id) values("Bokaro",11);
insert into district(dname,state_id) values("Dhanbad",11);
insert into district(dname,state_id) values("Giridh",11);
insert into district(dname,state_id) values("Chatra",11);
insert into district(dname,state_id) values("Koderma",11);
insert into district(dname,state_id) values("Hazaribag",11);
insert into district(dname,state_id) values("Ramgarh",11);
insert into district(dname,state_id) values("Palamau",11);
insert into district(dname,state_id) values("Latehar",11);
insert into district(dname,state_id) values("Garhwa",11);
insert into district(dname,state_id) values("Ranchi",11);
insert into district(dname,state_id) values("Simdega",11);
insert into district(dname,state_id) values("Gumla",11);
insert into district(dname,state_id) values("Lohardaga",11);
insert into district(dname,state_id) values("West Singhbhum",11);
insert into district(dname,state_id) values("Khunti",11);
insert into district(dname,state_id) values("Godda",11);
insert into district(dname,state_id) values("Jamtara",11);
insert into district(dname,state_id) values("Dumka",11);
insert into district(dname,state_id) values("Deoghar",11);
insert into district(dname,state_id) values("Sahibganj",11);
insert into district(dname,state_id) values("Pakur",11);
insert into district(dname,state_id) values("Seraikela-kharsawan",11);
insert into district(dname,state_id) values("East Singhbhum",11);
insert into district(dname,state_id) values("Bangalore",12);
insert into district(dname,state_id) values("Bangalore Rural",12);
insert into district(dname,state_id) values("Ramanagar",12);
insert into district(dname,state_id) values("Bagalkot",12);
insert into district(dname,state_id) values("Bijapur(KAR)",12);
insert into district(dname,state_id) values("Belgaum",12);
insert into district(dname,state_id) values("Davangere",12);
insert into district(dname,state_id) values("Bellary",12);
insert into district(dname,state_id) values("Bidar",12);
insert into district(dname,state_id) values("Dharwad",12);
insert into district(dname,state_id) values("Gadag",12);
insert into district(dname,state_id) values("Koppal",12);
insert into district(dname,state_id) values("Gulbarga",12);
insert into district(dname,state_id) values("Yadgir",12);
insert into district(dname,state_id) values("Haveri",12);
insert into district(dname,state_id) values("Uttara Kannada",12);
insert into district(dname,state_id) values("Raichur",12);
insert into district(dname,state_id) values("Chickmagalur",12);
insert into district(dname,state_id) values("Chitradurga",12);
insert into district(dname,state_id) values("Hassan",12);
insert into district(dname,state_id) values("Kodagu",12);
insert into district(dname,state_id) values("Kolar",12);
insert into district(dname,state_id) values("Chikkaballapur",12);
insert into district(dname,state_id) values("Mandya",12);
insert into district(dname,state_id) values("Dakshina Kannada",12);
insert into district(dname,state_id) values("Udupi",12);
insert into district(dname,state_id) values("Mysore",12);
insert into district(dname,state_id) values("Chamrajnagar",12);
insert into district(dname,state_id) values("Shimoga",12);
insert into district(dname,state_id) values("Tumkur",12);
insert into district(dname,state_id) values("Kozhikode",13);
insert into district(dname,state_id) values("Wayanad",13);
insert into district(dname,state_id) values("Malappuram",13);
insert into district(dname,state_id) values("Kannur",13);
insert into district(dname,state_id) values("Kasargod",13);
insert into district(dname,state_id) values("Palakkad",13);
insert into district(dname,state_id) values("Mahe  ,29);
insert into district(dname,state_id) values("Alappuzha",13);
insert into district(dname,state_id) values("Ernakulam",13);
insert into district(dname,state_id) values("Kottayam",13);
insert into district(dname,state_id) values("Idukki",13);
insert into district(dname,state_id) values("Pathanamthitta",13);
insert into district(dname,state_id) values("Thrissur",13);
insert into district(dname,state_id) values("Lakshadweep",33);
insert into district(dname,state_id) values("Kollam",13);
insert into district(dname,state_id) values("Thiruvananthapuram",13);
insert into district(dname,state_id) values("Seoni",14);
insert into district(dname,state_id) values("Balaghat",14);
insert into district(dname,state_id) values("Dindori",14);
insert into district(dname,state_id) values("Mandla",14);
insert into district(dname,state_id) values("Bhopal",14);
insert into district(dname,state_id) values("Raisen",14);
insert into district(dname,state_id) values("Chhatarpur",14);
insert into district(dname,state_id) values("Panna",14);
insert into district(dname,state_id) values("Tikamgarh",14);
insert into district(dname,state_id) values("Chhindwara",14);
insert into district(dname,state_id) values("Betul",14);
insert into district(dname,state_id) values("Hoshangabad",14);
insert into district(dname,state_id) values("Narsinghpur",14);
insert into district(dname,state_id) values("Harda",14);
insert into district(dname,state_id) values("Satna",14);
insert into district(dname,state_id) values("Rewa",14);
insert into district(dname,state_id) values("Damoh",14);
insert into district(dname,state_id) values("Sagar",14);
insert into district(dname,state_id) values("Shahdol",14);
insert into district(dname,state_id) values("Sidhi",14);
insert into district(dname,state_id) values("Anuppur",14);
insert into district(dname,state_id) values("Umaria",14);
insert into district(dname,state_id) values("Singrauli",14);
insert into district(dname,state_id) values("Vidisha",14);
insert into district(dname,state_id) values("Ashok Nagar",14);
insert into district(dname,state_id) values("Guna",14);
insert into district(dname,state_id) values("Shivpuri",14);
insert into district(dname,state_id) values("Gwalior",14);
insert into district(dname,state_id) values("Datia",14);
insert into district(dname,state_id) values("Bhind",14);
insert into district(dname,state_id) values("Sheopur",14);
insert into district(dname,state_id) values("Morena",14);
insert into district(dname,state_id) values("Indore",14);
insert into district(dname,state_id) values("Dewas",14);
insert into district(dname,state_id) values("Dhar",14);
insert into district(dname,state_id) values("Jabalpur",14);
insert into district(dname,state_id) values("Katni",14);
insert into district(dname,state_id) values("West Nimar",14);
insert into district(dname,state_id) values("Barwani",14);
insert into district(dname,state_id) values("East Nimar",14);
insert into district(dname,state_id) values("Khargone",14);
insert into district(dname,state_id) values("Burhanpur",14);
insert into district(dname,state_id) values("Khandwa",14);
insert into district(dname,state_id) values("Mandsaur",14);
insert into district(dname,state_id) values("Neemuch",14);
insert into district(dname,state_id) values("Ratlam",14);
insert into district(dname,state_id) values("Jhabua",14);
insert into district(dname,state_id) values("Alirajpur",14);
insert into district(dname,state_id) values("Sehore",14);
insert into district(dname,state_id) values("Rajgarh",14);
insert into district(dname,state_id) values("Shajapur",14);
insert into district(dname,state_id) values("Ujjain",14);
insert into district(dname,state_id) values("Aurangabad",15);
insert into district(dname,state_id) values("Jalna",15);
insert into district(dname,state_id) values("Beed",15);
insert into district(dname,state_id) values("Jalgaon",15);
insert into district(dname,state_id) values("Dhule",15);
insert into district(dname,state_id) values("Nandurbar",15);
insert into district(dname,state_id) values("Nashik",15);
insert into district(dname,state_id) values("Nanded",15);
insert into district(dname,state_id) values("Latur",15);
insert into district(dname,state_id) values("Osmanabad",15);
insert into district(dname,state_id) values("Hingoli",15);
insert into district(dname,state_id) values("Parbhani",15);
insert into district(dname,state_id) values("South Goa",6);
insert into district(dname,state_id) values("North Goa",6);
insert into district(dname,state_id) values("Kolhapur",15);
insert into district(dname,state_id) values("Ratnagiri",15);
insert into district(dname,state_id) values("Sindhudurg",15);
insert into district(dname,state_id) values("Satara",15);
insert into district(dname,state_id) values("Sangli",15);
insert into district(dname,state_id) values("Mumbai",15);
insert into district(dname,state_id) values("Raigarh(MH)",15);
insert into district(dname,state_id) values("Thane",15);
insert into district(dname,state_id) values("Akola",15);
insert into district(dname,state_id) values("Washim",15);
insert into district(dname,state_id) values("Amravati",15);
insert into district(dname,state_id) values("Buldhana",15);
insert into district(dname,state_id) values("Chandrapur",15);
insert into district(dname,state_id) values("Gadchiroli",15);
insert into district(dname,state_id) values("Nagpur",15);
insert into district(dname,state_id) values("Gondia",15);
insert into district(dname,state_id) values("Bhandara",15);
insert into district(dname,state_id) values("Wardha",15);
insert into district(dname,state_id) values("Yavatmal",15);
insert into district(dname,state_id) values("Ahmed Nagar",15);
insert into district(dname,state_id) values("Solapur",15);
insert into district(dname,state_id) values("Pune",15);
insert into district(dname,state_id) values("Thoubal",16);
insert into district(dname,state_id) values("Tamenglong",16);
insert into district(dname,state_id) values("Imphal East",16);
insert into district(dname,state_id) values("Bishnupur",16);
insert into district(dname,state_id) values("Imphal West",16);
insert into district(dname,state_id) values("Churachandpur",16);
insert into district(dname,state_id) values("Chandel",16);
insert into district(dname,state_id) values("Ukhrul",16);
insert into district(dname,state_id) values("Senapati",16);
insert into district(dname,state_id) values("Mammit",18);
insert into district(dname,state_id) values("Aizawl",18);
insert into district(dname,state_id) values("Kolasib",18);
insert into district(dname,state_id) values("Saiha",18);
insert into district(dname,state_id) values("Lunglei",18);
insert into district(dname,state_id) values("Champhai",18);
insert into district(dname,state_id) values("Lawngtlai",18);
insert into district(dname,state_id) values("Serchhip",18);
insert into district(dname,state_id) values("Zunhebotto",19);
insert into district(dname,state_id) values("Kiphire",19);
insert into district(dname,state_id) values("Kohima",19);
insert into district(dname,state_id) values("Mokokchung",19);
insert into district(dname,state_id) values("Tuensang",19);
insert into district(dname,state_id) values("Phek",19);
insert into district(dname,state_id) values("Wokha",19);
insert into district(dname,state_id) values("Longleng",19);
insert into district(dname,state_id) values("Dimapur",19);
insert into district(dname,state_id) values("Mon",19);
insert into district(dname,state_id) values("Peren",19);
insert into district(dname,state_id) values("West Tripura",25);
insert into district(dname,state_id) values("South Tripura",25);
insert into district(dname,state_id) values("Lower Dibang Valley",2);
insert into district(dname,state_id) values("Dibang Valley",2);
insert into district(dname,state_id) values("East Kameng",2);
insert into district(dname,state_id) values("East Siang",2);
insert into district(dname,state_id) values("Upper Subansiri",2);
insert into district(dname,state_id) values("West Siang",2);
insert into district(dname,state_id) values("Papum Pare",2);
insert into district(dname,state_id) values("Upper Siang",2);
insert into district(dname,state_id) values("Kurung Kumey",2);
insert into district(dname,state_id) values("Changlang",2);
insert into district(dname,state_id) values("Tirap",2);
insert into district(dname,state_id) values("West Kameng",2);
insert into district(dname,state_id) values("Lohit",2);
insert into district(dname,state_id) values("Tawang",2);
insert into district(dname,state_id) values("Lower Subansiri",2);
insert into district(dname,state_id) values("North Tripura",25);
insert into district(dname,state_id) values("Dhalai",25);
insert into district(dname,state_id) values("East Khasi Hills",17);
insert into district(dname,state_id) values("South Garo Hills",17);
insert into district(dname,state_id) values("Jaintia Hills",17);
insert into district(dname,state_id) values("West Garo Hills",17);
insert into district(dname,state_id) values("East Garo Hills",17);
insert into district(dname,state_id) values("Ri Bhoi",17);
insert into district(dname,state_id) values("West Khasi Hills",17);
insert into district(dname,state_id) values("Ganjam",20);
insert into district(dname,state_id) values("Gajapati",20);
insert into district(dname,state_id) values("Nuapada",20);
insert into district(dname,state_id) values("Kalahandi",20);
insert into district(dname,state_id) values("Nabarangapur",20);
insert into district(dname,state_id) values("Rayagada",20);
insert into district(dname,state_id) values("Koraput",20);
insert into district(dname,state_id) values("Malkangiri",20);
insert into district(dname,state_id) values("Kandhamal",20);
insert into district(dname,state_id) values("Boudh",20);
insert into district(dname,state_id) values("Baleswar",20);
insert into district(dname,state_id) values("Bhadrak",20);
insert into district(dname,state_id) values("Kendujhar",20);
insert into district(dname,state_id) values("Khorda",20);
insert into district(dname,state_id) values("Puri",20);
insert into district(dname,state_id) values("Cuttack",20);
insert into district(dname,state_id) values("Jajapur",20);
insert into district(dname,state_id) values("Kendrapara",20);
insert into district(dname,state_id) values("Jagatsinghapur",20);
insert into district(dname,state_id) values("Mayurbhanj",20);
insert into district(dname,state_id) values("Nayagarh",20);
insert into district(dname,state_id) values("Sonapur",20);
insert into district(dname,state_id) values("Balangir",20);
insert into district(dname,state_id) values("Angul",20);
insert into district(dname,state_id) values("Dhenkanal",20);
insert into district(dname,state_id) values("Sambalpur",20);
insert into district(dname,state_id) values("Debagarh",20);
insert into district(dname,state_id) values("Bargarh",20);
insert into district(dname,state_id) values("Jharsuguda",20);
insert into district(dname,state_id) values("Sundergarh",20);
insert into district(dname,state_id) values("Rupnagar",21);
insert into district(dname,state_id) values("Patiala",21);
insert into district(dname,state_id) values("Mohali",21);
insert into district(dname,state_id) values("Ropar",21);
insert into district(dname,state_id) values("Chandigarh",34);
insert into district(dname,state_id) values("Ludhiana",21);
insert into district(dname,state_id) values("Fatehgarh Sahib",21);
insert into district(dname,state_id) values("Sangrur",21);
insert into district(dname,state_id) values("Barnala",21);
insert into district(dname,state_id) values("Amritsar",21);
insert into district(dname,state_id) values("Tarn Taran",21);
insert into district(dname,state_id) values("Mansa",21);
insert into district(dname,state_id) values("Bathinda",21);
insert into district(dname,state_id) values("Moga",21);
insert into district(dname,state_id) values("Muktsar",21);
insert into district(dname,state_id) values("Faridkot",21);
insert into district(dname,state_id) values("Firozpur",21);
insert into district(dname,state_id) values("Fazilka",21);
insert into district(dname,state_id) values("Gurdaspur",21);
insert into district(dname,state_id) values("Pathankot",21);
insert into district(dname,state_id) values("Hoshiarpur",21);
insert into district(dname,state_id) values("Nawanshahr",21);
insert into district(dname,state_id) values("Jalandhar",21);
insert into district(dname,state_id) values("Kapurthala",21);
insert into district(dname,state_id) values("Ajmer",22);
insert into district(dname,state_id) values("Rajsamand",22);
insert into district(dname,state_id) values("Bhilwara",22);
insert into district(dname,state_id) values("Chittorgarh",22);
insert into district(dname,state_id) values("Dungarpur",22);
insert into district(dname,state_id) values("Banswara",22);
insert into district(dname,state_id) values("Jhalawar",22);
insert into district(dname,state_id) values("Baran",22);
insert into district(dname,state_id) values("Kota",22);
insert into district(dname,state_id) values("Tonk",22);
insert into district(dname,state_id) values("Bundi",22);
insert into district(dname,state_id) values("Udaipur",22);
insert into district(dname,state_id) values("Alwar",22);
insert into district(dname,state_id) values("Bharatpur",22);
insert into district(dname,state_id) values("Dholpur",22);
insert into district(dname,state_id) values("Jaipur",22);
insert into district(dname,state_id) values("Dausa",22);
insert into district(dname,state_id) values("Sawai Madhopur",22);
insert into district(dname,state_id) values("Karauli",22);
insert into district(dname,state_id) values("Barmer",22);
insert into district(dname,state_id) values("Bikaner",22);
insert into district(dname,state_id) values("Churu",22);
insert into district(dname,state_id) values("Jhujhunu",22);
insert into district(dname,state_id) values("Jaisalmer",22);
insert into district(dname,state_id) values("Jodhpur",22);
insert into district(dname,state_id) values("Nagaur",22);
insert into district(dname,state_id) values("Pali",22);
insert into district(dname,state_id) values("Sikar",22);
insert into district(dname,state_id) values("Sirohi",22);
insert into district(dname,state_id) values("Jalor",22);
insert into district(dname,state_id) values("Ganganagar",22);
insert into district(dname,state_id) values("Hanumangarh",22);
insert into district(dname,state_id) values("Chennai",24);
insert into district(dname,state_id) values("Vellore",24);
insert into district(dname,state_id) values("Tiruvannamalai",24);
insert into district(dname,state_id) values("Kanchipuram",24);
insert into district(dname,state_id) values("Tiruvallur",24);
insert into district(dname,state_id) values("Villupuram",24);
insert into district(dname,state_id) values("Cuddalore",24);
insert into district(dname,state_id) values("Coimbatore",24);
insert into district(dname,state_id) values("Dharmapuri",24);
insert into district(dname,state_id) values("Salem",24);
insert into district(dname,state_id) values("Erode",24);
insert into district(dname,state_id) values("Namakkal",24);
insert into district(dname,state_id) values("Karur",24);
insert into district(dname,state_id) values("Krishnagiri",24);
insert into district(dname,state_id) values("Nilgiris",24);
insert into district(dname,state_id) values("Dindigul",24);
insert into district(dname,state_id) values("Kanyakumari",24);
insert into district(dname,state_id) values("Sivaganga",24);
insert into district(dname,state_id) values("Ramanathapuram",24);
insert into district(dname,state_id) values("Tuticorin",24);
insert into district(dname,state_id) values("Tirunelveli",24);
insert into district(dname,state_id) values("Madurai",24);
insert into district(dname,state_id) values("Theni",24);
insert into district(dname,state_id) values("Virudhunagar",24);
insert into district(dname,state_id) values("Ariyalur",24);
insert into district(dname,state_id) values("Tiruchirappalli",24);
insert into district(dname,state_id) values("Pudukkottai",24);
insert into district(dname,state_id) values("Thanjavur",24);
insert into district(dname,state_id) values("Nagapattinam",24);
insert into district(dname,state_id) values("Tiruvarur",24);
insert into district(dname,state_id) values("Karaikal",29);
insert into district(dname,state_id) values("Perambalur",24);
insert into district(dname,state_id) values("Agra",27);
insert into district(dname,state_id) values("Aligarh",27);
insert into district(dname,state_id) values("Hathras",27);
insert into district(dname,state_id) values("Bulandshahr",27);
insert into district(dname,state_id) values("Gautam Buddha Nagar",27);
insert into district(dname,state_id) values("Etah",27);
insert into district(dname,state_id) values("Firozabad",27);
insert into district(dname,state_id) values("Auraiya",27);
insert into district(dname,state_id) values("Etawah",27);
insert into district(dname,state_id) values("Jalaun",27);
insert into district(dname,state_id) values("Jhansi",27);
insert into district(dname,state_id) values("Lalitpur",27);
insert into district(dname,state_id) values("Mainpuri",27);
insert into district(dname,state_id) values("Mathura",27);
insert into district(dname,state_id) values("Azamgarh",27);
insert into district(dname,state_id) values("Allahabad",27);
insert into district(dname,state_id) values("Kaushambi",27);
insert into district(dname,state_id) values("Ghazipur",27);
insert into district(dname,state_id) values("Jaunpur",27);
insert into district(dname,state_id) values("Mirzapur",27);
insert into district(dname,state_id) values("Sonbhadra",27);
insert into district(dname,state_id) values("Pratapgarh",27);
insert into district(dname,state_id) values("Varanasi",27);
insert into district(dname,state_id) values("Chandauli",27);
insert into district(dname,state_id) values("Sant Ravidas Nagar",27);
insert into district(dname,state_id) values("Bareilly",27);
insert into district(dname,state_id) values("Pilibhit",27);
insert into district(dname,state_id) values("Bijnor",27);
insert into district(dname,state_id) values("Haridwar",26);
insert into district(dname,state_id) values("Budaun",27);
insert into district(dname,state_id) values("Hardoi",27);
insert into district(dname,state_id) values("Kheri",27);
insert into district(dname,state_id) values("Meerut",27);
insert into district(dname,state_id) values("Bagpat",27);
insert into district(dname,state_id) values("Jyotiba Phule Nagar",27);
insert into district(dname,state_id) values("Moradabad",27);
insert into district(dname,state_id) values("Rampur",27);
insert into district(dname,state_id) values("Muzaffarnagar",27);
insert into district(dname,state_id) values("Saharanpur",27);
insert into district(dname,state_id) values("Shahjahanpur",27);
insert into district(dname,state_id) values("Mau",27);
insert into district(dname,state_id) values("Bahraich",27);
insert into district(dname,state_id) values("Shrawasti",27);
insert into district(dname,state_id) values("Ballia",27);
insert into district(dname,state_id) values("Sant Kabir Nagar",27);
insert into district(dname,state_id) values("Siddharthnagar",27);
insert into district(dname,state_id) values("Basti",27);
insert into district(dname,state_id) values("Deoria",27);
insert into district(dname,state_id) values("Kushinagar",27);
insert into district(dname,state_id) values("Gonda",27);
insert into district(dname,state_id) values("Balrampur",27);
insert into district(dname,state_id) values("Gorakhpur",27);
insert into district(dname,state_id) values("Maharajganj",27);
insert into district(dname,state_id) values("Mahoba",27);
insert into district(dname,state_id) values("Banda",27);
insert into district(dname,state_id) values("Chitrakoot",27);
insert into district(dname,state_id) values("Hamirpur",27);
insert into district(dname,state_id) values("Kannauj",27);
insert into district(dname,state_id) values("Farrukhabad",27);
insert into district(dname,state_id) values("Fatehpur",27);
insert into district(dname,state_id) values("Kanpur Nagar",27);
insert into district(dname,state_id) values("Unnao",27);
insert into district(dname,state_id) values("Kanpur Dehat",27);
insert into district(dname,state_id) values("Barabanki",27);
insert into district(dname,state_id) values("Faizabad",27);
insert into district(dname,state_id) values("Ambedkar Nagar",27);
insert into district(dname,state_id) values("Ghaziabad",27);
insert into district(dname,state_id) values("Lucknow",27);
insert into district(dname,state_id) values("Raebareli",27);
insert into district(dname,state_id) values("Sitapur",27);
insert into district(dname,state_id) values("Sultanpur",27);
insert into district(dname,state_id) values("Almora",26);
insert into district(dname,state_id) values("Bageshwar",26);
insert into district(dname,state_id) values("Chamoli",26);
insert into district(dname,state_id) values("Rudraprayag",26);
insert into district(dname,state_id) values("Dehradun",26);
insert into district(dname,state_id) values("Nainital",26);
insert into district(dname,state_id) values("Udham Singh Nagar",26);
insert into district(dname,state_id) values("Champawat",26);
insert into district(dname,state_id) values("Pauri Garhwal",26);
insert into district(dname,state_id) values("Pithoragarh",26);
insert into district(dname,state_id) values("Tehri Garhwal",26);
insert into district(dname,state_id) values("Uttarkashi",26);
insert into district(dname,state_id) values("Kolkata",28);
insert into district(dname,state_id) values("North 24 Parganas",28);
insert into district(dname,state_id) values("South 24 Parganas",28);
insert into district(dname,state_id) values("Birbhum",28);
insert into district(dname,state_id) values("Murshidabad",28);
insert into district(dname,state_id) values("Nadia",28);
insert into district(dname,state_id) values("South Andaman",35);
insert into district(dname,state_id) values("Nicobar",35);
insert into district(dname,state_id) values("North And Middle Andaman",35);
insert into district(dname,state_id) values("Cooch Behar",28);
insert into district(dname,state_id) values("Jalpaiguri",28);
insert into district(dname,state_id) values("Darjiling",28);
insert into district(dname,state_id) values("Malda",28);
insert into district(dname,state_id) values("North Sikkim",23);
insert into district(dname,state_id) values("East Sikkim",23);
insert into district(dname,state_id) values("West Sikkim",23);
insert into district(dname,state_id) values("South Sikkim",23);
insert into district(dname,state_id) values("South Dinajpur",28);
insert into district(dname,state_id) values("North Dinajpur",28);
insert into district(dname,state_id) values("Bardhaman",28);
insert into district(dname,state_id) values("Bankura",28);
insert into district(dname,state_id) values("East Midnapore",28);
insert into district(dname,state_id) values("West Midnapore",28);
insert into district(dname,state_id) values("Hooghly",28);
insert into district(dname,state_id) values("Howrah",28);
insert into district(dname,state_id) values("Medinipur",28);
insert into district(dname,state_id) values("Puruliya",28);